[{"id":"a94ed608-8088-4464-8fc0-089202723033","path":"/CAERS_ProductBased.csv"},{"id":"6020c1ac-212f-4b04-ab04-172bd93b4ece","path":"/cleanedAsrtosData.csv"},{"id":"936f9dee-2c4c-424d-a844-cf25a1d3ee39","path":"/mlb_teams_info.csv"},{"id":"2684b0fd-af11-49da-b1fd-6a4551588691","path":"/datathon_2024_dataset.csv"},{"id":"339bdc85-8942-43b2-9d97-fd3f2a7a3bd0","path":"/miami.csv"},{"id":"1e9d17f5-11f1-4f4c-b0c6-198979faad53","path":"/astros.cvs"},{"id":"5234996c-6f34-4f1a-9ccb-712c8e11e944","path":"/miamiVsAsrors.csv"},{"id":"279c52f5-8c42-42ad-8096-caf02dfae701","path":"/laa.csv"},{"id":"dca12cf9-f505-4b6f-b68a-040b9a1b7180","path":"/LosAngeles.csv"},{"id":"a752bb17-45f1-4dd5-a85e-d099d4526014","path":"/latitudesOfStates.csv"},{"id":"e0bb2d2d-ed34-4479-b9f2-26c011127f18","path":"/latLong - Sheet1.csv"},{"id":"9ab6e198-a54d-43a3-9192-04a190f8e6fc","path":"/latLong.csv"},{"id":"7c6a53b5-eba2-49ef-80da-e2a738cb562f","path":"/Miami.csv"},{"id":"fff8fa10-5c92-4d87-b848-1b73b34b7b36","path":"/LAN_d.csv"},{"id":"b1dbbd09-2a20-488c-92be-aa3546d31bff","path":"/Mia_final.csv"},{"id":"09aadc47-4af5-4d8c-9088-dde78751886d","path":"/Lan_final.csv"},{"id":"34a367d3-a85e-4c84-afdf-2f064eb68e17","path":"/Hou_final.csv"}]